slug,title,film_sim,pc1,pc2
my-fujifilm-x100v-kodachrome-64-film-simulation-recipe,Kodachrome 64,Classic Chrome,2.108340052550111,-1.0194088659915528
fujifilm-x-e4-film-simulation-recipe-kodachrome-25,Kodachrome 25,Classic Chrome,2.553038075334378,-1.2754667055104274
fujifilm-x100v-film-simulation-recipe-kodachrome-1,Kodachrome 1,Classic Chrome,0.2960707403426382,-0.2465127574166067
two-fujifilm-x-trans-iv-film-simulation-recipes-kodachrome-ii,Kodachrome II &Kodachrome II v2,Classic Chrome,1.3097851621647418,-0.6029780988561502
mccurry-kodachrome-a-fujifilm-x-trans-iv-film-simulation-recipe,McCurry Kodachrome,Classic Chrome,1.403789850794886,1.7027003963744425
kodak-vision3-250d-fujifilm-x-e4-x-trans-iv-film-simulation-recipe,Kodak Vision3 250D,Eterna,1.0137981168540133,0.3942743110944248
kodak-portra-160-fujifilm-x100v-x-trans-iv-film-simulation-recipe,Kodak Portra 160,Classic Chrome,-1.3287816959852001,-1.2138496358166222
fujifilm-x100v-film-simulation-kodak-portra-400,Kodak Portra 400,Classic Chrome,-0.04335291145421756,-0.7536978714681258
fujifilm-x100v-film-simulation-recipe-kodak-portra-400-v2,Kodak Portra 400 v2,Classic Chrome,-1.2100142831869896,-0.7778626978303068
fujifilm-x-trans-iv-film-simulation-recipe-kodak-portra-400-warm,Kodak Portra 400 Warm,Classic Chrome,-1.2497730999087127,-1.0866233716674412
fujifilm-x-trans-iv-film-simulation-recipe-reggies-portra,Reggie’s Portra,Classic Chrome,0.2522948938455633,-0.881937407698362
fujifilm-x-e4-x-trans-iv-film-simulation-recipe-portra-style,Portra-Style,Classic Chrome,0.3518053179125983,-0.6081929170225178
fujifilm-x100v-film-simulation-recipe-kodak-portra-800,Kodak Portra 800,Classic Chrome,-1.9374177969955697,-0.20173565515411757
fujifilm-x-trans-iv-film-simulation-recipe-kodak-portra-800-v2,Kodak Portra 800 v2,Classic Chrome,-2.446427948754287,0.09131972845239962
kodak-portra-800-v3-fujifilm-x-t5-x-trans-v-x-e4-x-trans-iv-film-simulation-recipe,Kodak Portra 800 v3,Classic Chrome,-1.9360220469879998,0.009755835659485363
fujifilm-x-trans-iv-film-simulation-recipe-kodak-gold-v2,Kodak Gold v2,Classic Chrome,-0.4145401501559882,1.0416794743595652
fujifilm-x100v-film-simulation-recipe-kodak-ultramax-400,Kodak Ultramax 400,Classic Chrome,0.8350460562603991,-0.31298638639563897
fujifilm-x-e4-x-trans-iv-film-simulation-recipe-kodak-max-800,Kodak Max 800,Classic Negative,-1.5458372857868772,0.917151128628643
kodak-royal-gold-400-fujifilm-x-trans-iv-x-trans-v-film-simulation-recipe,Kodak Royal Gold 400,Classic Negative,-0.39858923531967927,0.8287546197112488
fujifilm-x100v-film-simulation-recipe-kodak-ektar-100,Kodak Ektar 100,Classic Chrome,2.6889874673140954,-0.8833971407952399
fujifilm-x-trans-iv-film-simulation-recipe-elite-chrome-200,Elite Chrome 200,Classic Chrome,-2.0838076824514684,0.4532291157364894
fujifilm-x-e4-x-trans-iv-film-simulation-recipe-kodak-high-definition-plus-200,Kodak High Definition Plus 200,Classic Chrome,0.036403016386474404,-1.2589557303390129
kodak-emulsion-a-fujifilm-recipe-for-x-trans-iv-cameras,Kodak Emulsion,Classic Chrome,-1.739560398625598,0.9448970515353323
fujifilm-x-e4-film-simulation-recipe-old-kodak,Old Kodak,Classic Chrome,-0.6276514291798636,0.0009515936078664629
fujifilm-x-pro3-x-trans-iv-film-simulation-recipe-old-ektachrome,Old Ektachrome,Classic Chrome,-0.7983751122262489,0.5737228804727983
four-fujifilm-x-trans-iv-film-simulation-recipes-kodaneg-vc-nc,KodaNeg VC & NC,Provia,1.2626662639818675,-2.2418587662624248
fujifilm-x-trans-iv-film-simulation-recipe-kodak-brilliance,Kodak Brilliance,Classic Chrome,2.178274594005461,-0.14290718673847097
classic-color-fujifilm-x-t5-x-trans-v-and-x-e4-x-trans-iv-film-simulation-recipe,Classic Color,Classic Chrome,-1.1993966344099873,-0.8287428841324969
using-ai-to-create-film-simulation-recipes-urban-dreams-x100v-x-trans-iv-film-simulation-recipe,Urban Dreams,Classic Chrome,-0.13929404049370486,1.246618837130126
fujifilm-x-e4-x-trans-iv-film-simulation-recipe-pure-negative,Pure Negative,PRO Neg,1.3063724424496417,0.028799568981985803
fujifilm-x-e4-x-trans-iv-film-simulation-recipe-chrome-slide,Chrome Slide,Classic Negative,1.725998100372525,0.1832948206483309
fujifilm-x-e4-x-trans-iv-film-simulation-recipe-positive-film,Positive Film,Classic Negative,-1.3335885153140339,-2.260721407769095
fujifilm-x-e4-x-trans-iv-film-simulation-recipe-september-summer,September Summer,Classic Negative,-0.43445983476427324,-1.6477872580865536
fujifilm-x-e4-x-trans-iv-film-simulation-recipe-pacific-blues,Pacific Blues,Classic Negative,-2.02214097655196,0.07227486303243377
fujifilm-x-trans-iv-film-simulation-recipe-nostalgia-color,Nostalgia Color,Classic Negative,-2.1958184014175957,1.63496287113407
fujifilm-x-e4-x-trans-iv-film-simulation-recipe-nostalgic-print,Nostalgic Print,PRO Neg,-1.8544253185454516,0.04143371775581308
new-nostalgic-negative-film-simulation-x-trans-iv-nostalgic-negative-recipe,Nostalgic Negative,Classic Chrome,-0.7098497637199106,-0.7043235560089406
fujifilm-x-trans-iv-film-simulation-recipe-vintage-negative,Vintage Negative,Classic Negative,-2.416726556885422,-0.43340626495448326
fujifilm-x100v-x-trans-iv-film-simulation-recipe-vintage-color,Vintage Color,Eterna,-0.73844629406157,1.7740650699885812
fujifilm-x-pro3-x-trans-iv-film-simulation-recipe-vintage-color-v2,Vintage Color v2,Classic Negative,-1.733622769943683,1.7679477632101583
fujifilm-x-e4-x-trans-iv-film-simulation-recipe-vintage-analog,Vintage Analog,Classic Negative,0.5768927271153372,3.2143467438267126
vintage-print-fujifilm-x-e4-x-trans-iv-film-simulation-recipe,Vintage Print,Classic Negative,-2.5992198543790517,1.0583234551654692
fujifilm-x-trans-iv-film-simulation-recipe-vintage-vibes,Vintage Vibes,Classic Negative,-1.2100142831869896,-0.7778626978303068
fujifilm-x100v-x-trans-iv-film-simulation-recipe-timeless-negative,Timeless Negative,Eterna,0.9431418205229097,-1.0733856992171704
eterna-summer-fujifilm-x-trans-iv-x-trans-v-film-simulation-recipe,Eterna Summer,Eterna,0.12857682221373007,-0.5959246707119726
fujifilm-x-trans-iv-film-simulation-recipe-eterna-v2,Eterna v2,Eterna,-0.2551993127526437,-0.49386062355990706
vintage-eterna-fujifilm-x-trans-v-x-trans-iv-x-h1-film-simulation-recipes,Vintage Eterna,Eterna,0.713339979004977,0.1701646464747458
fujifilm-x-e4-x-trans-iv-film-simulation-recipe-arizona-analog,Arizona Analog,Eterna,-1.41876238528639,-0.36187951857572803
1960-chrome-fujifilm-x-t5-x-trans-v-x-e4-x-trans-iv-film-simulation-recipe,1960 Chrome,Eterna Bleach Bypass,-1.6432458417238014,-0.9104151705840193
1981-kodak-fujifilm-x100v-x-trans-iv-film-simulation-recipe,1981 Kodak,Eterna,-1.0912861758929817,-0.44596804385811906
fujifilm-x100v-film-simulation-recipe-fujicolor-reala-100,Fujicolor Reala 100,Classic Negative,-0.9291210753147194,0.10473426336946398
fujifilm-x100v-film-simulation-recipe-fujicolor-superia-100,Fujicolor Superia 100,Classic Negative,-0.12068601388152478,-0.24541802942167432
fujifilm-x100v-film-simulation-recipe-superia-xtra-400,Superia Xtra 400,Classic Negative,-0.5869418702108354,-0.9079300821102022
fujifilm-x100v-film-simulation-recipe-superia-premium-400,Superia Premium 400,Classic Negative,-0.24395922802505943,-1.1224582354254233
fujifilm-x100v-film-simulation-recipe-fujicolor-superia-800,Fujicolor Superia 800,Classic Negative,-2.0838076824514684,0.4532291157364894
fujifilm-x100v-film-simulation-recipe-fujicolor-superia-1600,Fujicolor Superia 1600,Classic Negative,-2.0309326239483343,1.1987408889938695
fujifilm-x-e4-film-simulation-recipe-fujicolor-natura-1600,Fujicolor Natura 1600,Classic Negative,-2.622055301316949,0.9520857891651104
fujifilm-x-e4-x-trans-iv-film-simulation-recipe-scanned-superia,Scanned Superia,Classic Negative,1.3934908563628805,0.3557894459843775
fujifilm-x-e4-x-trans-iv-film-simulation-recipe-superia-summer,Superia Summer,Classic Negative,-0.7539930596197101,-1.5784783025419218
fujifilm-x100v-x-trans-iv-film-simulation-recipe-pulled-fujicolor-superia,Pulled Fujicolor Superia,Classic Negative,0.5429113843070738,0.05078925255066138
fujifilm-x-trans-iv-x-pro3-x100v-x-t4-x-s10-x-e4-film-simulation-recipe-fujicolor-nps-160-pulled,Fujicolor NPS 160 Pulled,Classic Negative,-1.0017446494521394,-0.17748652126033881
fujifilm-x100v-x-trans-iv-film-simulation-recipe-fujicolor-100-gold,Fujicolor 100 Gold,Classic Negative,-0.9046471942961637,-1.519414493304835
magenta-negative-fujifilm-x-e4-x-trans-iv-film-simulation-recipe,Magenta Negative,Classic Negative,-2.563031071702354,0.4427867529395426
fujifilm-x-trans-iv-film-simulation-recipe-fujicolor-c200,Fujicolor C200,Classic Negative,-0.6398298657662707,-0.5703628500578819
fujicolor-c200-v2-fujifilm-x100v-x-trans-iv-film-simulation-recipe,Fujicolor C200 v2,Classic Negative,0.7613977776821048,0.7616885977417498
fujifilm-x100v-x-trans-iv-film-simulation-recipe-fujicolor-pro-400h,Fujicolor Pro 400H,Classic Negative,-1.3815321125373605,-0.792906340947827
fujifilm-x-trans-iv-film-simulation-recipe-fujicolor-nph,Fujicolor NPH,Provia,-0.17823633346224152,0.40758635896958023
fujifilm-x100v-x-trans-iv-film-simulation-recipe-fujicolor-negative,Fujicolor Negative,Classic Negative,-1.5297502457970422,-0.322103328478277
fujifilm-x100v-x-trans-iv-film-simulation-recipe-fujicolor-analog,Fujicolor Analog,Classic Negative,-0.15936782603518154,1.8621768368754135
fujifilm-x-trans-iv-film-simulation-recipe-fujicolor-super-hg-part-1-of-3,Fujicolor Super HG,Classic Negative,-0.5500842215865098,-0.1595455715922824
fujifilm-x-trans-iv-film-simulation-recipe-fujicolor-super-hg-v2-part-2-of-3,Fujicolor Super HG v2,Classic Negative,0.3565680587806865,0.1536449717301454
fujifilm-x-trans-iv-film-simulation-recipe-super-hg-astia-part-3-of-3,Super HG Astia,Astia,1.3470663562496754,-0.46604891474157967
fujifilm-x-pro3-x-trans-iv-film-simulation-recipe-standard-provia,Standard Provia,Provia,0.6084277743418098,0.2541859575132229
fujifilm-x100v-x-trans-iv-film-simulation-recipe-fujichrome-provia-100f,Fujichrome Provia 100F,Classic Chrome,0.14929927793058043,0.5184745620395497
fujifilm-x100v-film-simulation-recipe-color-negative-400,Color Negative 400,Classic Negative,-0.6089965053963001,-0.41343807237335906
pro-negative-160c-film-simulation-recipe-for-fujifilm-x-trans-iv-x-trans-v,PRO Negative 160C,PRO Neg,0.09979098590445366,-0.9270487615970272
fujifilm-x-trans-iv-film-simulation-recipe-agfachrome-rs-100,AgfaChrome RS 100,Classic Negative,-0.7753108786462236,1.4256181116801705
fujifilm-x-pro3-x-trans-iv-film-simulation-recipe-agfa-ultra-100,Agfa Ultra 100,Classic Negative,-0.5794598603821359,1.0520577707496188
fujifilm-x100v-film-simulation-recipe-agfa-vista-100,Agfa Vista 100,Classic Negative,1.4553988128738473,0.019091422735978684
not-my-fujifilm-x100v-classic-negative-film-simulation-recipe,Classic Negative,Classic Negative,1.2666176821487056,-0.7292563154497429
snow-fun-with-fujifilm-x-t4-fujinon-90mm-new-film-simulation-recipe-amandas-classic-negative,Amanda’s Classic Negative,Classic Negative,2.0698544623893187,-0.12244701963775508
fujifilm-x-trans-iv-film-simulation-recipe-retro-gold,Retro Gold,Classic Chrome,0.7831380675491659,-1.28649227732505
fujifilm-x-trans-iv-film-simulation-recipe-retro-gold-low-contrast,Retro Gold Low Contrast,Classic Chrome,-0.27684502495939345,-1.9678155621554163
fujifilm-x-e4-x-trans-iv-film-simulation-recipe-santacolor,SantaColor,Eterna,0.19622194931736148,-1.4955264500845256
fujifilm-x-trans-iv-film-simulation-recipe-creamy-color,Creamy Color,Classic Negative,-2.155891905392882,3.7581212061663574
fujifilm-x100v-film-simulation-recipe-nature-neon,Nature Neon,Classic Chrome,-0.6282804815558385,-1.5860078895810867
fujifilm-x-e4-x-trans-iv-film-simulation-recipe-grizzly-ride,Grizzly Ride,Eterna Bleach Bypass,-2.7422123698491685,1.1485260697087716
fujifilm-x-e4-film-simulation-recipe-analog-gold,Analog Gold,Eterna Bleach Bypass,-1.7039251881552746,-1.7760069807341425
getting-a-wes-anderson-look-from-your-fujifilm-camera-4-new-film-simulation-recipes,Indoor Angouleme,Classic Chrome,-0.9422629620214966,-2.8148500218214427
fujifilm-x-e4-x-trans-iv-film-simulation-recipe-gaf-500,GAF 500,Eterna,-1.011377153608309,-1.1052189105275674
fujifilm-x-trans-iv-film-simulation-recipe-low-key,Low Key,Classic Negative,0.9883284151248745,-0.33011421200225993
fujifilm-x100v-film-simulation-recipe-the-rockwell-velvia,The Rockwell,Velvia,3.4248195329644875,-0.8385206874158094
fujifilm-x-e4-x-trans-iv-film-simulation-recipe-vibrant-velvia,Vibrant Velvia,Velvia,1.317162259114837,-0.49876016555089403
fujifilm-x100v-film-simulation-recipe-bleach-bypass,“Bleach Bypass”,Classic Negative,0.8694512765387817,2.200657689198917
eterna-bleach-bypass-fujifilm-x-e4-x-trans-iv-film-simulation-recipe,Eterna Bleach Bypass,Eterna Bleach Bypass,1.1667767792351436,0.6228189325977009
fujifilm-x-e4-x-trans-iv-film-simulation-recipe-muted-color,Muted Color,Eterna Bleach Bypass,-0.4990529005769804,-0.9365955791272015
fujifilm-x-e4-x-trans-iv-film-simulation-recipe-ferrania-solaris-fg-400,Ferrania Solaris FG 400,Eterna Bleach Bypass,-1.2100142831869896,-0.7778626978303068
fujifilm-x-trans-iv-film-simulation-recipe-lomochrome-metropolis,LomoChrome Metropolis,Eterna Bleach Bypass,0.8628695128768318,0.28637302603005654
fujifilm-x-e4-x-trans-iv-film-simulation-recipe-silver-summer,Silver Summer,Eterna Bleach Bypass,-1.3650828407625697,-0.3527528207207294
kodachrome-blue-fujifilm-x-e4-x-trans-iv-film-simulation-recipe,Kodachrome Blue,Eterna Bleach Bypass,3.2758233867183115,2.0625905578026877
fujifilm-x-e4-film-simulation-recipe-ektachrome-320t,Ektachrome 320T,Eterna Bleach Bypass,-0.49742115706228385,0.12920703380784695
expired-ecn-2-100t-fujifilm-x-trans-iv-x-trans-v-film-simulation-recipe,Expired ECN-2 100T,Eterna Bleach Bypass,-2.4329451855122817,1.0615952562746023
fujifilm-x100v-film-simulation-recipe-faded-negative,Faded Negative,Classic Negative,-0.5986057582422811,0.26964448171979755
fujifilm-x-trans-iv-film-simulation-recipe-cinestill-50d,CineStill 50D,Astia,0.11398505128332263,0.7479413657798264
kodak-portra-do-sol-fujifilm-x-trans-iv-film-simulation-recipe,Kodak Portra do Sol,Classic Chrome,0.08075116409361824,-2.2196020114978308
fujifilm-x-trans-iv-film-simulation-recipe-bright-kodak,Bright Kodak,Classic Chrome,-1.9781056485371202,-1.5418181774413993
fujifilm-x100v-film-simulation-recipe-preet,Bright Summer,Classic Chrome,0.25803854972100176,-0.8372933603203172
expired-velvia-fujifilm-x-trans-iv-x-pro3-x100v-x-t4-x-s10-x-e4-x-t30-ii-film-simulation-recipe,Expired Velvia,Classic Negative,0.24188147156837966,1.0042825458669558
two-fujifilm-x-trans-iv-film-simulation-recipes-expired-slide-expired-slide-v2,Expired Slide &,Velvia,-2.024166868775429,0.7899526854614015
redscale-fujifilm-x-trans-iv-v-film-simulation-recipe,RedScale,Classic Negative,-0.6629080810093239,-3.734674069469627
fujifilm-x100v-x-trans-iv-film-simulation-recipe-xpro-62,Xpro ’62,Classic Negative,-2.427150521540565,0.3552292317873919
bewaremyvelvia-a-fujifilm-film-simulation-recipe-for-x-trans-iv-v,BewareMyVelvia,Velvia,2.3263592511392366,1.3798787427484862
my-fujifilm-x100v-cine-teal-film-simulation-recipe,Cine Teal,Eterna,-1.737502763300667,-0.7011988559009121
fujifilm-x100v-film-simulation-recipe-cinestill-800t,CineStill 800T,Eterna,-2.4835880600624636,0.3088769054163457
fujifilm-x-e4-x-trans-iv-film-simulation-recipe-pushed-cinestill-800t,Pushed CineStill 800T,Eterna Bleach Bypass,-0.9260459270805796,2.5948898930158886
fujifilm-x100v-x-pro3-film-simulation-recipe-pushed-cinestill,Pushed CineStill 800T (X100V + X-Pro3),Eterna,-0.5188258087801834,3.9477582725329987
fujifilm-x-trans-iv-film-simulation-recipe-serrs-500t,Serr’s 500T,Classic Chrome,-1.0550860617806557,1.7692871216333097
kodak-plus-x-125-fujifilm-x-trans-iv-x-trans-v-film-simulation-recipe,Kodak Plus-X 125,Acros,1.1982324687636312,0.11566863910656452
fujifilm-x100v-film-simulation-recipe-kodak-tri-x-400,Kodak Tri-X 400,Acros,1.0440316152740583,-1.5540009458227295
kodak-t-max-p3200-a-fujifilm-film-simulation-recipe-for-x-trans-iv-v,Kodak T-Max P3200,Acros,1.2998029958735093,0.48878574921511736
fujifilm-x100v-film-simulation-recipe-kodak-t-max-400,Kodak T-Max 400,Monochrome,1.8525978794555606,-1.9389894080473926
fujifilm-x100v-film-simulation-recipe-bw-superia,B&W Superia,Acros,-1.064983213363857,0.40697691794322255
fujifilm-x100v-film-simulation-recipe-classic-monochrome,Classic Monochrome,Monochrome,3.493689031892355,0.7288325738633675
fujifilm-x100v-x-trans-iii-x-trans-iv-film-simulation-recipe-monochrome-negative,Monochrome Negative,Acros,0.46804878054462906,0.16160385253321186
kentmere-pan-400-fujifilm-x100v-x-trans-iv-v-film-simulation-recipe,Kentmere Pan 400,Acros,1.896751649095001,0.12888701895294596
fujifilm-x-trans-iv-film-simulation-recipe-ilford-hp5-plus-400,Ilford HP5 Plus 400,Monochrome,-1.223368391364012,-1.0497606452748007
fujifilm-x100v-film-simulation-recipe-ilford-pan-f-plus-50,Ilford Pan F Plus 50,Monochrome,1.6023823850399825,-0.8924110773226139
fujifilm-x100v-film-simulation-recipe-ilford-ortho-plus-80,Ilford Ortho Plus 80,Monochrome,1.7453037664821842,0.627092057094515
fujifilm-x-trans-iv-film-simulation-recipe-moody-monochrome,Moody Monochrome,Acros,-1.714795340666246,-1.0722092931093867
fujifilm-x100v-film-simulation-recipe-black-white-infrared,Black & White Infrared,Acros,1.5255239098404687,1.613754568633331
sepia-the-forgotten-film-simulation,Sepia,,-0.7817761490654737,0.15564322505693753
my-fujifilm-x-t30-kodachrome-64-film-simulation-recipe,Kodachrome 64,Classic Chrome,0.980179278885064,-0.9118232308773312
my-fujifilm-x-t30-kodak-gold-200-film-simulation-recipe,Kodak Gold 200,Classic Chrome,-0.5748411335957471,-1.089351860233562
my-fujifilm-x-t30-kodak-portra-400-film-simulation-recipe,Kodak Portra 400,Classic Chrome,-0.8215312821314771,-0.7520459066708508
fujifilm-x-t3-x-t30-film-simulation-recipe-kodak-portra-400-v2,Kodak Portra 400 v2,Classic Chrome,-0.8447943845024264,-0.6855402784120543
my-fujifilm-x-t30-kodak-portra-160-film-simulation-recipe,Kodak Porta 160,Classic Chrome,-0.28992165212701776,-1.3865363144777236
my-fujifilm-x-t30-kodak-vision3-250d-film-simulation-recipe,Kodak Vision3 250D,Eterna,0.9114667675386604,1.1648276517402198
my-fujifilm-x-t30-eterna-film-simulation-recipe,Eterna,Eterna,2.155862723024538,-0.4971768801942756
my-fujifilm-x-t30-expired-eterna-film-simulation-recipe,Expired Eterna,Eterna,1.4511985005674133,1.0774488207503619
my-fujifilm-x-t30-eterna-low-contrast-film-simulation-recipe,Eterna Low-Contrast,Eterna,-0.81038881751507,0.816399854630712
fujifilm-x-t30-film-simulation-recipe-eterna-v3,Eterna v3,Eterna,-0.20536657814545692,0.3392024476651107
fujifilm-x-t30-x-t3-film-simulation-recipe-cinematic-negative,Cinematic Negative,Eterna,-0.07282947766769984,-2.8736188349564538
my-fujifilm-x-t30-polaroid-film-simulation-recipe,Polaroid,Eterna,-0.32666793756069057,-0.1788099247491136
my-fujifilm-x-t30-polaroid-ii-film-simulation-recipe,Polaroid II,Eterna,0.30958278651576077,2.969839929015641
my-fujifilm-x-t30-analog-color-film-simulation-recipe,Analog Color,PRO Neg,1.0886867808755765,1.3564246643899673
my-fujifilm-x-t30-jeff-davenport-night-recipe,Jeff Davenport Night,PRO Neg,0.9817085741363955,-0.7054889183545862
my-fujifilm-x-t30-faded-color-film-simulation-recipe,Faded Color,Classic Chrome,2.0801489261514723,0.26247524424982605
my-fujifilm-x-t30-vintage-color-fade-film-simulation-recipe,Vintage Color Fade,PRO Neg,2.647324442789403,1.3466742062788657
my-fujifilm-x-t30-kodak-elite-chrome-200-color-fade-film-simulation-recipe,Elite Chrome Color Fade,Classic Chrome,-0.9022781008549726,6.015962109283859
fujifilm-x-t3-x-t30-x-h1-film-simulation-recipe-negative-print,Negative Print,Eterna,1.2954398360179114,-1.1576550169341198
my-fujifilm-x-t30-color-negative-film-simulation-recipe,Color Negative,PRO Neg,1.2678624127407379,0.8561473156509489
pro-neg-fujifilm-x-t3-x-t30-x-trans-iii-film-simulation-recipe,Pro Neg,PRO Neg,0.9835005758849439,2.554965846800251
my-fujifilm-x-t30-provia-film-simulation-recipe-fujichrome-sensia-100,Fujichrome Sensia 100,Provia,0.710668746388641,-1.0695900620245737
a-different-approach-7-new-fujicolor-pro-160ns-film-simulation-recipes-yes-7,Fujicolor Pro 160NS,PRO Neg,-0.4398073660328969,-0.08252688382896048
7-new-fujicolor-pro-400h-film-simulation-recipes,Fujicolor Pro 400H,PRO Neg,-0.7441291446148236,-0.4698265548123814
my-fujifilm-x-t30-fujicolor-pro-400h-overexposed-film-simulation-recipe,Fujicolor Pro 400H Overexposed,Provia,0.8124580308395939,-0.5453005302402949
not-my-fujifilm-x-t30-warm-contrast-film-simulation-recipe,“Warm Contrast”,PRO Neg,1.2851911604409008,-0.19682169167206587
fujifilm-x-trans-iii-x-t3-x-t30-film-simulation-recipe-porto-200,Porto 200,PRO Neg,0.8248394703153162,0.03148027425895503
my-fujifilm-bleach-bypass-film-simulation-recipe,“Bleach Bypass”,Classic Chrome,1.596595601358233,1.229397922977429
fujifilm-x-trans-iii-x-t30-x-t3-film-simulation-recipe-eterna-bleach-bypass,“Eterna Bleach Bypass”,PRO Neg,0.22314974222297684,-1.925539643251501
fujifilm-x-trans-iii-x-t30-x-t3-film-simulation-recipe-chrome-bypass,Chrome Bypass,PRO Neg,0.3423734065729701,0.6437564535685586
my-fujifilm-x-t30-kodacolor-film-simulation-recipe,Kodacolor,Classic Chrome,0.13005217329071214,0.025079805597844618
fujifilm-x-trans-iii-x-t3-x-t30-film-simulation-recipe-kodacolor-vr,Kodacolor VR,Classic Chrome,0.5052886840083717,-0.8622381641379474
fujifilm-x-trans-iii-x-t3-x-t30-film-simulation-recipe-vintage-kodacolor,Vintage Kodacolor,Classic Chrome,0.5768927271153372,3.2143467438267126
my-fujifilm-x-t30-kodacolor-ii-126-film-simulation-recipe,Kodacolor II 126,Classic Chrome,-1.1487419649555575,1.288334397744707
fujifilm-x-t30-x-t3-x-trans-iii-film-simulation-recipe-classic-kodak,Classic Kodak,Classic Chrome,-0.2213536283251083,0.5272333977651147
my-fujifilm-x-t30-classic-slide-film-simulation-recipe,Classic Slide,Classic Chrome,1.2122641197491981,0.38354705793591776
not-my-fujifilm-x-urban-vintage-chrome-film-simulation-recipe,Urban Vintage Chrome,Classic Chrome,0.7450275302182893,-0.21873619616241072
my-fujifilm-x-t30-fujicolor-100-industrial-film-simulation-recipe,Fujicolor 100 Industrial,PRO Neg,0.7744190731154007,-2.722694361175025
my-fujifilm-x-t30-lomography-color-100-film-simulation-setting,Lomography Color 100,Velvia,1.0772017559624754,2.0125054962030235
my-fujifilm-x-t30-velvia-film-simulation-recipe,Velvia,Velvia,1.5600610982926535,-0.5891898606998837
fujifilm-x-t30-x-trans-iv-film-simulation-recipe-velvia-v2,Velvia v2,Velvia,0.9783474926658001,-0.49973057285416483
my-fujifilm-x-t30-redscale-film-simulation-recipe,Redscale,Astia,-0.48164314600854974,-1.6475289827122939
my-fujifilm-x-t30-cross-process-film-simulation-recipe,Cross Process,Classic Chrome,1.628825670920041,0.9609082282376382
xpro-fujifilm-x-trans-iii-x-t3-x-t30-film-simulation-recipe,XPro,Classic Chrome,0.055555473237318624,-1.917898770243229
my-fujifilm-x-t30-acros-film-simulation-recipe-agfa-apx-400,Agfa APX 400,Acros,1.3659401435650034,-1.1030163728226776
my-fujifilm-x-t30-monochrome-kodachrome-film-simulation-recipe,Monochrome Kodachrome,Acros,1.945328970065149,1.5870102258342398
my-fujifilm-x-t30-ilford-hp5-plus-400-push-process-film-simulation-recipe,Ilford HP5 Push Process,Acros,-0.25070477170748434,0.40474935827112174
not-my-fujifilm-x-t30-ilford-delta-push-process-film-simulation-recipe,Ilford Delta Push Process,Monochrome,-0.8657076389935935,-0.13790810508982648
my-fujifilm-x-t30-dramatic-monochrome-film-simulation-recipe,Dramatic Monochrome,Monochrome,2.0755129701745205,0.4276238265804634
my-fujifilm-x-t30-faded-monochrome-film-simulation-recipe,Faded Monochrome,Acros,2.088753621979023,0.6175536101298479
my-fujifilm-x-t30-split-toned-bw-film-simulation-recipe,Split-Toned B&W,Acros,2.199687612248167,0.5177608527095668
my-fujifilm-x-t30-cyanotype-film-simulation-recipe,Cyanotype,Acros,-0.9134112196729077,0.5081657152079795
fujifilm-x100v-film-simulation-recipe-verano-tostado,Verano Tostado,Classic Chrome,0.9406609890222944,-0.53597782314682
