slug,title,film_sim,x,y
my-fujifilm-x100v-kodachrome-64-film-simulation-recipe,Kodachrome 64,Classic Chrome,6.898046,7.108725
fujifilm-x-e4-film-simulation-recipe-kodachrome-25,Kodachrome 25,Classic Chrome,6.7968254,6.893974
fujifilm-x100v-film-simulation-recipe-kodachrome-1,Kodachrome 1,Classic Chrome,6.3391294,7.2085133
two-fujifilm-x-trans-iv-film-simulation-recipes-kodachrome-ii,Kodachrome II &Kodachrome II v2,Classic Chrome,6.9787254,6.4494014
mccurry-kodachrome-a-fujifilm-x-trans-iv-film-simulation-recipe,McCurry Kodachrome,Classic Chrome,7.057194,7.721733
kodak-vision3-250d-fujifilm-x-e4-x-trans-iv-film-simulation-recipe,Kodak Vision3 250D,Eterna,-2.9028995,6.947868
kodak-portra-160-fujifilm-x100v-x-trans-iv-film-simulation-recipe,Kodak Portra 160,Classic Chrome,5.8046613,6.912295
fujifilm-x100v-film-simulation-kodak-portra-400,Kodak Portra 400,Classic Chrome,6.4054213,7.342594
fujifilm-x100v-film-simulation-recipe-kodak-portra-400-v2,Kodak Portra 400 v2,Classic Chrome,5.8471375,7.31009
fujifilm-x-trans-iv-film-simulation-recipe-kodak-portra-400-warm,Kodak Portra 400 Warm,Classic Chrome,6.053509,7.534058
fujifilm-x-trans-iv-film-simulation-recipe-reggies-portra,Reggie’s Portra,Classic Chrome,6.331585,6.842689
fujifilm-x-e4-x-trans-iv-film-simulation-recipe-portra-style,Portra-Style,Classic Chrome,6.634683,7.3471026
fujifilm-x100v-film-simulation-recipe-kodak-portra-800,Kodak Portra 800,Classic Chrome,6.2184334,7.976893
fujifilm-x-trans-iv-film-simulation-recipe-kodak-portra-800-v2,Kodak Portra 800 v2,Classic Chrome,5.7309294,7.239511
kodak-portra-800-v3-fujifilm-x-t5-x-trans-v-x-e4-x-trans-iv-film-simulation-recipe,Kodak Portra 800 v3,Classic Chrome,6.1394205,8.012581
fujifilm-x-trans-iv-film-simulation-recipe-kodak-gold-v2,Kodak Gold v2,Classic Chrome,6.576353,8.082252
fujifilm-x100v-film-simulation-recipe-kodak-ultramax-400,Kodak Ultramax 400,Classic Chrome,7.092296,7.4230566
fujifilm-x-e4-x-trans-iv-film-simulation-recipe-kodak-max-800,Kodak Max 800,Classic Negative,1.2040808,-6.7171564
kodak-royal-gold-400-fujifilm-x-trans-iv-x-trans-v-film-simulation-recipe,Kodak Royal Gold 400,Classic Negative,1.5116245,-6.360907
fujifilm-x100v-film-simulation-recipe-kodak-ektar-100,Kodak Ektar 100,Classic Chrome,6.747114,6.949273
fujifilm-x-trans-iv-film-simulation-recipe-elite-chrome-200,Elite Chrome 200,Classic Chrome,6.2656507,8.089022
fujifilm-x-e4-x-trans-iv-film-simulation-recipe-kodak-high-definition-plus-200,Kodak High Definition Plus 200,Classic Chrome,6.632526,6.2396045
kodak-emulsion-a-fujifilm-recipe-for-x-trans-iv-cameras,Kodak Emulsion,Classic Chrome,6.395209,7.999185
fujifilm-x-e4-film-simulation-recipe-old-kodak,Old Kodak,Classic Chrome,5.9885163,7.1440544
fujifilm-x-pro3-x-trans-iv-film-simulation-recipe-old-ektachrome,Old Ektachrome,Classic Chrome,6.2804327,7.907292
four-fujifilm-x-trans-iv-film-simulation-recipes-kodaneg-vc-nc,KodaNeg VC & NC,Provia,5.4629745,3.1182418
fujifilm-x-trans-iv-film-simulation-recipe-kodak-brilliance,Kodak Brilliance,Classic Chrome,6.7326355,7.0660377
classic-color-fujifilm-x-t5-x-trans-v-and-x-e4-x-trans-iv-film-simulation-recipe,Classic Color,Classic Chrome,5.9580317,7.22344
using-ai-to-create-film-simulation-recipes-urban-dreams-x100v-x-trans-iv-film-simulation-recipe,Urban Dreams,Classic Chrome,7.123113,7.856985
fujifilm-x-e4-x-trans-iv-film-simulation-recipe-pure-negative,Pure Negative,PRO Neg,-11.409445,3.2531574
fujifilm-x-e4-x-trans-iv-film-simulation-recipe-chrome-slide,Chrome Slide,Classic Negative,1.0881902,-5.5804687
fujifilm-x-e4-x-trans-iv-film-simulation-recipe-positive-film,Positive Film,Classic Negative,0.61422044,-6.313864
fujifilm-x-e4-x-trans-iv-film-simulation-recipe-september-summer,September Summer,Classic Negative,1.7835239,-6.682259
fujifilm-x-e4-x-trans-iv-film-simulation-recipe-pacific-blues,Pacific Blues,Classic Negative,0.5357071,-6.727621
fujifilm-x-trans-iv-film-simulation-recipe-nostalgia-color,Nostalgia Color,Classic Negative,0.8304633,-6.8925366
fujifilm-x-e4-x-trans-iv-film-simulation-recipe-nostalgic-print,Nostalgic Print,PRO Neg,-11.724757,3.208937
new-nostalgic-negative-film-simulation-x-trans-iv-nostalgic-negative-recipe,Nostalgic Negative,Classic Chrome,5.972391,7.6284676
fujifilm-x-trans-iv-film-simulation-recipe-vintage-negative,Vintage Negative,Classic Negative,0.69295853,-6.8097577
fujifilm-x100v-x-trans-iv-film-simulation-recipe-vintage-color,Vintage Color,Eterna,-3.1559675,7.2341423
fujifilm-x-pro3-x-trans-iv-film-simulation-recipe-vintage-color-v2,Vintage Color v2,Classic Negative,0.2653167,-6.835009
fujifilm-x-e4-x-trans-iv-film-simulation-recipe-vintage-analog,Vintage Analog,Classic Negative,1.2754903,-6.031026
vintage-print-fujifilm-x-e4-x-trans-iv-film-simulation-recipe,Vintage Print,Classic Negative,0.44095913,-7.0043135
fujifilm-x-trans-iv-film-simulation-recipe-vintage-vibes,Vintage Vibes,Classic Negative,1.4798051,-6.4756265
fujifilm-x100v-x-trans-iv-film-simulation-recipe-timeless-negative,Timeless Negative,Eterna,-2.6732826,7.304142
eterna-summer-fujifilm-x-trans-iv-x-trans-v-film-simulation-recipe,Eterna Summer,Eterna,-2.9354217,7.2910595
fujifilm-x-trans-iv-film-simulation-recipe-eterna-v2,Eterna v2,Eterna,-2.848063,7.4351153
vintage-eterna-fujifilm-x-trans-v-x-trans-iv-x-h1-film-simulation-recipes,Vintage Eterna,Eterna,-2.6780138,7.3264594
fujifilm-x-e4-x-trans-iv-film-simulation-recipe-arizona-analog,Arizona Analog,Eterna,-3.0882823,7.444774
1960-chrome-fujifilm-x-t5-x-trans-v-x-e4-x-trans-iv-film-simulation-recipe,1960 Chrome,Eterna Bleach Bypass,18.135025,-6.339612
1981-kodak-fujifilm-x100v-x-trans-iv-film-simulation-recipe,1981 Kodak,Eterna,-2.8877842,7.372204
fujifilm-x100v-film-simulation-recipe-fujicolor-reala-100,Fujicolor Reala 100,Classic Negative,1.6874884,-6.0391397
fujifilm-x100v-film-simulation-recipe-fujicolor-superia-100,Fujicolor Superia 100,Classic Negative,1.4663507,-5.783118
fujifilm-x100v-film-simulation-recipe-superia-xtra-400,Superia Xtra 400,Classic Negative,1.84245,-6.708875
fujifilm-x100v-film-simulation-recipe-superia-premium-400,Superia Premium 400,Classic Negative,1.29798,-6.2376766
fujifilm-x100v-film-simulation-recipe-fujicolor-superia-800,Fujicolor Superia 800,Classic Negative,0.97635615,-6.948262
fujifilm-x100v-film-simulation-recipe-fujicolor-superia-1600,Fujicolor Superia 1600,Classic Negative,0.34226722,-6.985621
fujifilm-x-e4-film-simulation-recipe-fujicolor-natura-1600,Fujicolor Natura 1600,Classic Negative,0.5309722,-6.9867454
fujifilm-x-e4-x-trans-iv-film-simulation-recipe-scanned-superia,Scanned Superia,Classic Negative,1.147137,-5.4780827
fujifilm-x-e4-x-trans-iv-film-simulation-recipe-superia-summer,Superia Summer,Classic Negative,1.735507,-6.7258797
fujifilm-x100v-x-trans-iv-film-simulation-recipe-pulled-fujicolor-superia,Pulled Fujicolor Superia,Classic Negative,1.1354555,-5.6363053
fujifilm-x-trans-iv-x-pro3-x100v-x-t4-x-s10-x-e4-film-simulation-recipe-fujicolor-nps-160-pulled,Fujicolor NPS 160 Pulled,Classic Negative,1.8140976,-6.0386186
fujifilm-x100v-x-trans-iv-film-simulation-recipe-fujicolor-100-gold,Fujicolor 100 Gold,Classic Negative,1.5581607,-6.8797216
magenta-negative-fujifilm-x-e4-x-trans-iv-film-simulation-recipe,Magenta Negative,Classic Negative,0.660417,-7.1172376
fujifilm-x-trans-iv-film-simulation-recipe-fujicolor-c200,Fujicolor C200,Classic Negative,0.9192641,-6.3492017
fujicolor-c200-v2-fujifilm-x100v-x-trans-iv-film-simulation-recipe,Fujicolor C200 v2,Classic Negative,1.533429,-5.6032634
fujifilm-x100v-x-trans-iv-film-simulation-recipe-fujicolor-pro-400h,Fujicolor Pro 400H,Classic Negative,1.2138269,-6.598008
fujifilm-x-trans-iv-film-simulation-recipe-fujicolor-nph,Fujicolor NPH,Provia,5.40716,3.0570734
fujifilm-x100v-x-trans-iv-film-simulation-recipe-fujicolor-negative,Fujicolor Negative,Classic Negative,1.4623106,-6.911547
fujifilm-x100v-x-trans-iv-film-simulation-recipe-fujicolor-analog,Fujicolor Analog,Classic Negative,1.6141067,-5.943647
fujifilm-x-trans-iv-film-simulation-recipe-fujicolor-super-hg-part-1-of-3,Fujicolor Super HG,Classic Negative,0.58130646,-6.304634
fujifilm-x-trans-iv-film-simulation-recipe-fujicolor-super-hg-v2-part-2-of-3,Fujicolor Super HG v2,Classic Negative,0.6284738,-5.8091598
fujifilm-x-trans-iv-film-simulation-recipe-super-hg-astia-part-3-of-3,Super HG Astia,Astia,6.142225,5.6618657
fujifilm-x-pro3-x-trans-iv-film-simulation-recipe-standard-provia,Standard Provia,Provia,5.3962097,3.048473
fujifilm-x100v-x-trans-iv-film-simulation-recipe-fujichrome-provia-100f,Fujichrome Provia 100F,Classic Chrome,6.566501,6.158667
fujifilm-x100v-film-simulation-recipe-color-negative-400,Color Negative 400,Classic Negative,0.77141726,-6.508266
pro-negative-160c-film-simulation-recipe-for-fujifilm-x-trans-iv-x-trans-v,PRO Negative 160C,PRO Neg,-11.807266,3.2181008
fujifilm-x-trans-iv-film-simulation-recipe-agfachrome-rs-100,AgfaChrome RS 100,Classic Negative,1.5480783,-6.1867375
fujifilm-x-pro3-x-trans-iv-film-simulation-recipe-agfa-ultra-100,Agfa Ultra 100,Classic Negative,0.74691194,-6.3485985
fujifilm-x100v-film-simulation-recipe-agfa-vista-100,Agfa Vista 100,Classic Negative,0.9172438,-5.37493
not-my-fujifilm-x100v-classic-negative-film-simulation-recipe,Classic Negative,Classic Negative,0.68018717,-5.7528777
snow-fun-with-fujifilm-x-t4-fujinon-90mm-new-film-simulation-recipe-amandas-classic-negative,Amanda’s Classic Negative,Classic Negative,1.0420505,-5.4891295
fujifilm-x-trans-iv-film-simulation-recipe-retro-gold,Retro Gold,Classic Chrome,5.965197,6.65261
fujifilm-x-trans-iv-film-simulation-recipe-retro-gold-low-contrast,Retro Gold Low Contrast,Classic Chrome,5.8128147,6.7969556
fujifilm-x-e4-x-trans-iv-film-simulation-recipe-santacolor,SantaColor,Eterna,-2.871937,7.627556
fujifilm-x-trans-iv-film-simulation-recipe-creamy-color,Creamy Color,Classic Negative,0.36459,-6.9135323
fujifilm-x100v-film-simulation-recipe-nature-neon,Nature Neon,Classic Chrome,6.338567,6.228947
fujifilm-x-e4-x-trans-iv-film-simulation-recipe-grizzly-ride,Grizzly Ride,Eterna Bleach Bypass,18.217241,-6.4694023
fujifilm-x-e4-film-simulation-recipe-analog-gold,Analog Gold,Eterna Bleach Bypass,17.998451,-6.428035
getting-a-wes-anderson-look-from-your-fujifilm-camera-4-new-film-simulation-recipes,Indoor Angouleme,Classic Chrome,6.331008,6.664015
fujifilm-x-e4-x-trans-iv-film-simulation-recipe-gaf-500,GAF 500,Eterna,-3.0127382,7.643388
fujifilm-x-trans-iv-film-simulation-recipe-low-key,Low Key,Classic Negative,1.1272852,-5.678963
fujifilm-x100v-film-simulation-recipe-the-rockwell-velvia,The Rockwell,Velvia,6.2845163,0.3620276
fujifilm-x-e4-x-trans-iv-film-simulation-recipe-vibrant-velvia,Vibrant Velvia,Velvia,6.1939964,0.45220572
fujifilm-x100v-film-simulation-recipe-bleach-bypass,“Bleach Bypass”,Classic Negative,0.2300535,-6.334959
eterna-bleach-bypass-fujifilm-x-e4-x-trans-iv-film-simulation-recipe,Eterna Bleach Bypass,Eterna Bleach Bypass,17.902462,-6.1193914
fujifilm-x-e4-x-trans-iv-film-simulation-recipe-muted-color,Muted Color,Eterna Bleach Bypass,17.844435,-6.2566013
fujifilm-x-e4-x-trans-iv-film-simulation-recipe-ferrania-solaris-fg-400,Ferrania Solaris FG 400,Eterna Bleach Bypass,17.992975,-6.40875
fujifilm-x-trans-iv-film-simulation-recipe-lomochrome-metropolis,LomoChrome Metropolis,Eterna Bleach Bypass,17.95519,-6.234558
fujifilm-x-e4-x-trans-iv-film-simulation-recipe-silver-summer,Silver Summer,Eterna Bleach Bypass,17.956242,-6.376241
kodachrome-blue-fujifilm-x-e4-x-trans-iv-film-simulation-recipe,Kodachrome Blue,Eterna Bleach Bypass,18.069832,-6.0745707
fujifilm-x-e4-film-simulation-recipe-ektachrome-320t,Ektachrome 320T,Eterna Bleach Bypass,18.191,-6.175285
expired-ecn-2-100t-fujifilm-x-trans-iv-x-trans-v-film-simulation-recipe,Expired ECN-2 100T,Eterna Bleach Bypass,18.152433,-6.3023543
fujifilm-x100v-film-simulation-recipe-faded-negative,Faded Negative,Classic Negative,0.2450733,-6.540077
fujifilm-x-trans-iv-film-simulation-recipe-cinestill-50d,CineStill 50D,Astia,6.0825987,5.5931334
kodak-portra-do-sol-fujifilm-x-trans-iv-film-simulation-recipe,Kodak Portra do Sol,Classic Chrome,6.2500277,6.5459094
fujifilm-x-trans-iv-film-simulation-recipe-bright-kodak,Bright Kodak,Classic Chrome,6.3861547,7.8319263
fujifilm-x100v-film-simulation-recipe-preet,Bright Summer,Classic Chrome,6.365934,6.48524
expired-velvia-fujifilm-x-trans-iv-x-pro3-x100v-x-t4-x-s10-x-e4-x-t30-ii-film-simulation-recipe,Expired Velvia,Classic Negative,1.517968,-6.1768045
two-fujifilm-x-trans-iv-film-simulation-recipes-expired-slide-expired-slide-v2,Expired Slide &,Velvia,6.273225,0.5639453
redscale-fujifilm-x-trans-iv-v-film-simulation-recipe,RedScale,Classic Negative,1.135081,-6.1891313
fujifilm-x100v-x-trans-iv-film-simulation-recipe-xpro-62,Xpro ’62,Classic Negative,0.31330755,-6.77685
bewaremyvelvia-a-fujifilm-film-simulation-recipe-for-x-trans-iv-v,BewareMyVelvia,Velvia,6.2180357,0.4383128
my-fujifilm-x100v-cine-teal-film-simulation-recipe,Cine Teal,Eterna,-3.4038587,7.6270056
fujifilm-x100v-film-simulation-recipe-cinestill-800t,CineStill 800T,Eterna,-3.5285883,7.257389
fujifilm-x-e4-x-trans-iv-film-simulation-recipe-pushed-cinestill-800t,Pushed CineStill 800T,Eterna Bleach Bypass,18.180283,-6.0918007
fujifilm-x100v-x-pro3-film-simulation-recipe-pushed-cinestill,Pushed CineStill 800T (X100V + X-Pro3),Eterna,-3.3069482,7.223088
fujifilm-x-trans-iv-film-simulation-recipe-serrs-500t,Serr’s 500T,Classic Chrome,7.158279,8.003421
kodak-plus-x-125-fujifilm-x-trans-iv-x-trans-v-film-simulation-recipe,Kodak Plus-X 125,Acros,15.82414,14.904514
fujifilm-x100v-film-simulation-recipe-kodak-tri-x-400,Kodak Tri-X 400,Acros,15.7907715,14.871091
kodak-t-max-p3200-a-fujifilm-film-simulation-recipe-for-x-trans-iv-v,Kodak T-Max P3200,Acros,15.954289,15.0351305
fujifilm-x100v-film-simulation-recipe-kodak-t-max-400,Kodak T-Max 400,Monochrome,9.715987,1.2184672
fujifilm-x100v-film-simulation-recipe-bw-superia,B&W Superia,Acros,15.596606,14.676507
fujifilm-x100v-film-simulation-recipe-classic-monochrome,Classic Monochrome,Monochrome,9.730959,1.2029014
fujifilm-x100v-x-trans-iii-x-trans-iv-film-simulation-recipe-monochrome-negative,Monochrome Negative,Acros,15.703592,14.7845955
kentmere-pan-400-fujifilm-x100v-x-trans-iv-v-film-simulation-recipe,Kentmere Pan 400,Acros,15.9256315,15.006268
fujifilm-x-trans-iv-film-simulation-recipe-ilford-hp5-plus-400,Ilford HP5 Plus 400,Monochrome,9.807182,1.1465728
fujifilm-x100v-film-simulation-recipe-ilford-pan-f-plus-50,Ilford Pan F Plus 50,Monochrome,9.743645,1.1909695
fujifilm-x100v-film-simulation-recipe-ilford-ortho-plus-80,Ilford Ortho Plus 80,Monochrome,9.646561,1.2904849
fujifilm-x-trans-iv-film-simulation-recipe-moody-monochrome,Moody Monochrome,Acros,15.824301,14.90488
fujifilm-x100v-film-simulation-recipe-black-white-infrared,Black & White Infrared,Acros,15.569563,14.650661
sepia-the-forgotten-film-simulation,Sepia,,6.652095,7.7405577
my-fujifilm-x-t30-kodachrome-64-film-simulation-recipe,Kodachrome 64,Classic Chrome,7.042878,6.178609
my-fujifilm-x-t30-kodak-gold-200-film-simulation-recipe,Kodak Gold 200,Classic Chrome,6.8969975,6.6044893
my-fujifilm-x-t30-kodak-portra-400-film-simulation-recipe,Kodak Portra 400,Classic Chrome,6.2872763,7.2570705
fujifilm-x-t3-x-t30-film-simulation-recipe-kodak-portra-400-v2,Kodak Portra 400 v2,Classic Chrome,6.138266,7.060418
my-fujifilm-x-t30-kodak-portra-160-film-simulation-recipe,Kodak Porta 160,Classic Chrome,6.4524183,6.775724
my-fujifilm-x-t30-kodak-vision3-250d-film-simulation-recipe,Kodak Vision3 250D,Eterna,-2.9813373,6.9826283
my-fujifilm-x-t30-eterna-film-simulation-recipe,Eterna,Eterna,-2.770217,7.0678434
my-fujifilm-x-t30-expired-eterna-film-simulation-recipe,Expired Eterna,Eterna,-2.7670298,6.9228735
my-fujifilm-x-t30-eterna-low-contrast-film-simulation-recipe,Eterna Low-Contrast,Eterna,-3.122905,7.048288
fujifilm-x-t30-film-simulation-recipe-eterna-v3,Eterna v3,Eterna,-3.2946756,7.123193
fujifilm-x-t30-x-t3-film-simulation-recipe-cinematic-negative,Cinematic Negative,Eterna,-2.852571,7.682782
my-fujifilm-x-t30-polaroid-film-simulation-recipe,Polaroid,Eterna,-2.6055477,7.4561844
my-fujifilm-x-t30-polaroid-ii-film-simulation-recipe,Polaroid II,Eterna,-2.941599,6.878264
my-fujifilm-x-t30-analog-color-film-simulation-recipe,Analog Color,PRO Neg,-11.43049,3.452463
my-fujifilm-x-t30-jeff-davenport-night-recipe,Jeff Davenport Night,PRO Neg,-11.532197,3.4084325
my-fujifilm-x-t30-faded-color-film-simulation-recipe,Faded Color,Classic Chrome,7.1665053,6.86871
my-fujifilm-x-t30-vintage-color-fade-film-simulation-recipe,Vintage Color Fade,PRO Neg,-11.461309,3.5204794
my-fujifilm-x-t30-kodak-elite-chrome-200-color-fade-film-simulation-recipe,Elite Chrome Color Fade,Classic Chrome,7.0416737,7.7354584
fujifilm-x-t3-x-t30-x-h1-film-simulation-recipe-negative-print,Negative Print,Eterna,-2.7705495,7.125907
my-fujifilm-x-t30-color-negative-film-simulation-recipe,Color Negative,PRO Neg,-11.621245,3.310722
pro-neg-fujifilm-x-t3-x-t30-x-trans-iii-film-simulation-recipe,Pro Neg,PRO Neg,-11.773738,3.1467304
my-fujifilm-x-t30-provia-film-simulation-recipe-fujichrome-sensia-100,Fujichrome Sensia 100,Provia,5.378698,3.0345805
a-different-approach-7-new-fujicolor-pro-160ns-film-simulation-recipes-yes-7,Fujicolor Pro 160NS,PRO Neg,-11.889512,3.0818403
7-new-fujicolor-pro-400h-film-simulation-recipes,Fujicolor Pro 400H,PRO Neg,-11.839998,3.165028
my-fujifilm-x-t30-fujicolor-pro-400h-overexposed-film-simulation-recipe,Fujicolor Pro 400H Overexposed,Provia,5.3677673,3.0254867
not-my-fujifilm-x-t30-warm-contrast-film-simulation-recipe,“Warm Contrast”,PRO Neg,-11.463035,3.410905
fujifilm-x-trans-iii-x-t3-x-t30-film-simulation-recipe-porto-200,Porto 200,PRO Neg,-11.794537,3.2079103
my-fujifilm-bleach-bypass-film-simulation-recipe,“Bleach Bypass”,Classic Chrome,7.135123,6.759691
fujifilm-x-trans-iii-x-t30-x-t3-film-simulation-recipe-eterna-bleach-bypass,“Eterna Bleach Bypass”,PRO Neg,-11.449202,3.2122493
fujifilm-x-trans-iii-x-t30-x-t3-film-simulation-recipe-chrome-bypass,Chrome Bypass,PRO Neg,-11.405932,3.231977
my-fujifilm-x-t30-kodacolor-film-simulation-recipe,Kodacolor,Classic Chrome,7.3044825,6.0396185
fujifilm-x-trans-iii-x-t3-x-t30-film-simulation-recipe-kodacolor-vr,Kodacolor VR,Classic Chrome,6.6520743,5.9005575
fujifilm-x-trans-iii-x-t3-x-t30-film-simulation-recipe-vintage-kodacolor,Vintage Kodacolor,Classic Chrome,7.289435,5.9257298
my-fujifilm-x-t30-kodacolor-ii-126-film-simulation-recipe,Kodacolor II 126,Classic Chrome,6.19788,7.338876
fujifilm-x-t30-x-t3-x-trans-iii-film-simulation-recipe-classic-kodak,Classic Kodak,Classic Chrome,7.1741986,6.2448373
my-fujifilm-x-t30-classic-slide-film-simulation-recipe,Classic Slide,Classic Chrome,7.077849,5.9241877
not-my-fujifilm-x-urban-vintage-chrome-film-simulation-recipe,Urban Vintage Chrome,Classic Chrome,7.045048,5.968348
my-fujifilm-x-t30-fujicolor-100-industrial-film-simulation-recipe,Fujicolor 100 Industrial,PRO Neg,-11.410066,3.4898975
my-fujifilm-x-t30-lomography-color-100-film-simulation-setting,Lomography Color 100,Velvia,6.2909636,0.37511253
my-fujifilm-x-t30-velvia-film-simulation-recipe,Velvia,Velvia,6.1542244,0.40676612
fujifilm-x-t30-x-trans-iv-film-simulation-recipe-velvia-v2,Velvia v2,Velvia,6.258004,0.4840201
my-fujifilm-x-t30-redscale-film-simulation-recipe,Redscale,Astia,5.9876204,5.5462527
my-fujifilm-x-t30-cross-process-film-simulation-recipe,Cross Process,Classic Chrome,6.9214773,5.8556037
xpro-fujifilm-x-trans-iii-x-t3-x-t30-film-simulation-recipe,XPro,Classic Chrome,6.6188045,6.0622015
my-fujifilm-x-t30-acros-film-simulation-recipe-agfa-apx-400,Agfa APX 400,Acros,15.601102,14.680397
my-fujifilm-x-t30-monochrome-kodachrome-film-simulation-recipe,Monochrome Kodachrome,Acros,15.55186,14.63207
my-fujifilm-x-t30-ilford-hp5-plus-400-push-process-film-simulation-recipe,Ilford HP5 Push Process,Acros,15.666054,14.746367
not-my-fujifilm-x-t30-ilford-delta-push-process-film-simulation-recipe,Ilford Delta Push Process,Monochrome,9.64749,1.2857752
my-fujifilm-x-t30-dramatic-monochrome-film-simulation-recipe,Dramatic Monochrome,Monochrome,9.833209,1.1032165
my-fujifilm-x-t30-faded-monochrome-film-simulation-recipe,Faded Monochrome,Acros,15.885703,14.965859
my-fujifilm-x-t30-split-toned-bw-film-simulation-recipe,Split-Toned B&W,Acros,15.630399,14.710041
my-fujifilm-x-t30-cyanotype-film-simulation-recipe,Cyanotype,Acros,15.802954,14.883192
fujifilm-x100v-film-simulation-recipe-verano-tostado,Verano Tostado,Classic Chrome,7.32932,7.228257
